epsilon,tds
0.01,18094730434.472054
0.05,9569607580.412943
0.1,12587017976.974552
0.2,12750016069.122572
0.5,13941238826.395811
